Workbook

Sheet 베타산정
A1: 가상 화장품 ODM (비상장) — 유사기업 베타 산정
A3: 평가기준일 | B3: 46283
A4: 시장지수 | B4: KOSPI 반도체 제외
A5: 측정조건 | B5: 주간 수익률 104주 (금요일 종가)
A6: 법인세율 (한계) | B6: 0.275
A7: Blume 가중치 (원시) | B7: 0.67
A8: Blume 상수 (시장=1) | B8: 0.33
A9: 리스부채 포함 (1/0) | B9: 1
A10: 순차입금 기준 (1/0) | B10: 0
A12: 코드 | B12: 회사 | C12: 상장시장 | D12: 원시 β (SLOPE) | E12: R² (RSQ) | F12: Blume β | G12: 차입금·사채 (억원) | H12: 리스부채 (억원) | I12: 현금 (억원) | J12: 부채 D (억원) | K12: 시가총액 E (억원) | L12: D/E | M12: βu (Hamada) | N12: βu (Harris-Pringle) | O12: 부채 출처
A13: 192820 | B13: 코스맥스 | C13: KOSPI | D13: =SLOPE(주간수익률!$B$2:$B$105,주간수익률!$H$2:$H$105) | E13: =RSQ(주간수익률!$B$2:$B$105,주간수익률!$H$2:$H$105) | F13: =$B$7*D13+$B$8 | G13: 10261.8 | H13: 612.3 | I13: 3367.2618 | J13: =MAX(G13+$B$9*H13-$B$10*I13,0) | K13: 31087.114 | L13: =J13/K13 | M13: =F13/(1+(1-$B$6)*L13) | N13: =F13/(1+L13) | O13: 2026 반기보고서 (연결)
A14: 161890 | B14: 한국콜마 | C14: KOSPI | D14: =SLOPE(주간수익률!$C$2:$C$105,주간수익률!$H$2:$H$105) | E14: =RSQ(주간수익률!$C$2:$C$105,주간수익률!$H$2:$H$105) | F14: =$B$7*D14+$B$8 | G14: 11813.425 | H14: 560.80277 | I14: 1768.1708 | J14: =MAX(G14+$B$9*H14-$B$10*I14,0) | K14: 34345.387 | L14: =J14/K14 | M14: =F14/(1+(1-$B$6)*L14) | N14: =F14/(1+L14) | O14: 2026 반기보고서 (연결)
A15: 241710 | B15: 코스메카코리아 | C15: KOSDAQ | D15: =SLOPE(주간수익률!$D$2:$D$105,주간수익률!$H$2:$H$105) | E15: =RSQ(주간수익률!$D$2:$D$105,주간수익률!$H$2:$H$105) | F15: =$B$7*D15+$B$8 | G15: 2258.2236 | H15: 71.45622 | I15: 774.59648 | J15: =MAX(G15+$B$9*H15-$B$10*I15,0) | K15: 14108.28 | L15: =J15/K15 | M15: =F15/(1+(1-$B$6)*L15) | N15: =F15/(1+L15) | O15: 2026 반기보고서 (연결)
A16: 352480 | B16: 씨앤씨인터내셔널 | C16: KOSDAQ | D16: =SLOPE(주간수익률!$E$2:$E$105,주간수익률!$H$2:$H$105) | E16: =RSQ(주간수익률!$E$2:$E$105,주간수익률!$H$2:$H$105) | F16: =$B$7*D16+$B$8 | G16: 319.7998 | H16: 38.088943 | I16: 1191.7419 | J16: =MAX(G16+$B$9*H16-$B$10*I16,0) | K16: 2941.2603 | L16: =J16/K16 | M16: =F16/(1+(1-$B$6)*L16) | N16: =F16/(1+L16) | O16: 2026 반기보고서 (연결)
A17: 950140 | B17: 잉글우드랩 | C17: KOSDAQ | D17: =SLOPE(주간수익률!$F$2:$F$105,주간수익률!$H$2:$H$105) | E17: =RSQ(주간수익률!$F$2:$F$105,주간수익률!$H$2:$H$105) | F17: =$B$7*D17+$B$8 | G17: 146.56222 | H17: 44.51415 | I17: 399.84501 | J17: =MAX(G17+$B$9*H17-$B$10*I17,0) | K17: 1633.1386 | L17: =J17/K17 | M17: =F17/(1+(1-$B$6)*L17) | N17: =F17/(1+L17) | O17: 2026 반기보고서 (연결)
A18: 003350 | B18: 한국화장품제조 | C18: KOSPI | D18: =SLOPE(주간수익률!$G$2:$G$105,주간수익률!$H$2:$H$105) | E18: =RSQ(주간수익률!$G$2:$G$105,주간수익률!$H$2:$H$105) | F18: =$B$7*D18+$B$8 | G18: 605.30033 | H18: 0 | I18: 620.19862 | J18: =MAX(G18+$B$9*H18-$B$10*I18,0) | K18: 3534.96 | L18: =J18/K18 | M18: =F18/(1+(1-$B$6)*L18) | N18: =F18/(1+L18) | O18: 2026 반기보고서 (별도)
B19: 중앙값 | D19: =MEDIAN(D13:D18) | E19: =MEDIAN(E13:E18) | F19: =MEDIAN(F13:F18) | L19: =MEDIAN(L13:L18) | M19: =MEDIAN(M13:M18) | N19: =MEDIAN(N13:N18)
B20: 평균 | D20: =AVERAGE(D13:D18) | E20: =AVERAGE(E13:E18) | F20: =AVERAGE(F13:F18) | L20: =AVERAGE(L13:L18) | M20: =AVERAGE(M13:M18) | N20: =AVERAGE(N13:N18)
A22: 대상회사 재레버
A23: 목표 D/E (Peer 중앙값) | B23: =L19
A24: 목표 D/(D+E) | B24: =B23/(1+B23)
A25: 무부채 베타 βu (Peer 중앙값, Hamada) | B25: =M19
A26: 재레버 베타 βL = βu × (1 + (1−t) × D/E) | B26: =B25*(1+(1-$B$6)*B23)
A27: [비교] Harris-Pringle βL = βu × (1 + D/E) | B27: =N19*(1+B23)
A29: 노란 셀은 입력값. 원시 β 는 '주간수익률' 시트의 원자료로 계산되며 파이썬 결과와 자동 대조한다.
A30: 부채는 장부가(시장가치 대용), 시가총액은 평가기준일 종가 × (발행주식수 − 자기주식수).

Sheet 주간수익률
A1: 주(금요일) | B1: 코스맥스 | C1: 한국콜마 | D1: 코스메카코리아 | E1: 씨앤씨인터내셔널 | F1: 잉글우드랩 | G1: 한국화장품제조 | H1: KOSPI 반도체 제외
A2: 45562 | B2: 0.14741036 | C2: 0.058495822 | D2: 0 | E2: 0.033549784 | F2: 0.0074626866 | G2: 0.014666667 | H2: 0.012174661
A3: 45569 | B3: -0.043055556 | C3: -0.072368421 | D3: -0.091712707 | E3: -0.078534031 | F3: -0.042222222 | G3: -0.0039421813 | H3: -0.021842822
A4: 45576 | B4: -0.015965167 | C4: -0.018439716 | D4: -0.054744526 | E4: -0.070454545 | F4: -0.040989946 | G4: 0.013192612 | H4: 0.014932359
A5: 45583 | B5: 0.030973451 | C5: 0.041907514 | D5: -0.030888031 | E5: -0.075794621 | F5: -0.036290323 | G5: 0.09765625 | H5: -0.0027128531
A6: 45590 | B6: -0.048640916 | C6: -0.079056865 | D6: -0.037184595 | E6: -0.08994709 | F6: -0.075313808 | G6: -0.12692764 | H6: 0.0019798553
A7: 45597 | B7: 0.1518797 | C7: 0.021084337 | D7: 0.071724138 | E7: -0.077034884 | F7: -0.023529412 | G7: 0.03125 | H7: -0.021604134
A8: 45604 | B8: 0.0058746736 | C8: -0.097345133 | D8: 0.034749035 | E8: -0.022047244 | F8: 0.08897127 | G8: 0.03030303 | H8: 0.0067082819
A9: 45611 | B9: -0.12134977 | C9: -0.1127451 | D9: -0.25248756 | E9: -0.36392915 | F9: -0.35659574 | G9: -0.26726343 | H9: -0.050808535
A10: 45618 | B10: -0.021418021 | C10: -0.0036832413 | D10: -0.12146423 | E10: -0.0012658228 | F10: -0.023809524 | G10: -0.12827225 | H10: 0.03583405
A11: 45625 | B11: 0.0037735849 | C11: -0.024029575 | D11: -0.047348485 | E11: 0.011406844 | F11: -0.031165312 | G11: -0.11311311 | H11: -0.0081384008
A12: 45632 | B12: 0.02556391 | C12: -0.022727273 | D12: -0.027833002 | E12: 0.013784461 | F12: -0.0097902098 | G12: 0.020316027 | H12: -0.017482633
A13: 45639 | B13: 0.090909091 | C13: 0.081395349 | D13: 0.11860941 | E13: 0.09394314 | F13: 0.012711864 | G13: 0.15929204 | H13: 0.023455263
... A105: 46283 | B105: 0.012939002 | C105: 0.029723992 | D105: 0.050914877 | E105: 0.030444965 | F105: -0.0072463768 | G105: -0.0070019096 | H105: -0.01695133

Sheet 회귀통계
A1: code | B1: name | C1: listed | D1: index_choice | E1: setting | F1: freq | G1: target_n | H1: n | I1: raw_beta | J1: se | K1: t | L1: r2 | M1: ci_low | N1: ci_high | O1: dimson_beta | P1: enough_obs
A2: 192820 | B2: 코스맥스 | C2: KOSPI | D2: KOSPI (기본) | E2: daily_1y | F2: D | G2: 250 | H2: 250 | I2: 0.17707335 | J2: 0.064273571 | K2: 2.7549948 | L2: 0.029695984 | M2: 0.050481693 | N2: 0.30366501 | O2: 0.026540945 | P2: TRUE
A3: 192820 | B3: 코스맥스 | C3: KOSPI | D3: KOSPI (기본) | E3: weekly_2y | F3: W | G3: 104 | H3: 104 | I3: 0.2051853 | J3: 0.17652891 | K3: 1.1623325 | L3: 0.01307212 | M3: -0.14495897 | N3: 0.55532956 | O3: -0.087591461 | P3: TRUE
A4: 192820 | B4: 코스맥스 | C4: KOSPI | D4: KOSPI (기본) | E4: weekly_3y | F4: W | G4: 156 | H4: 156 | I4: 0.19814171 | J4: 0.15541134 | K4: 1.2749502 | L4: 0.010444933 | M4: -0.10887153 | N4: 0.50515496 | O4: -0.047846806 | P4: TRUE
A5: 192820 | B5: 코스맥스 | C5: KOSPI | D5: KOSPI (기본) | E5: monthly_5y | F5: M | G5: 60 | H5: 60 | I5: 0.19215817 | J5: 0.24315384 | K5: 0.79027405 | L5: 0.010653101 | M5: -0.29456712 | N5: 0.67888345 | O5: -0.2153257 | P5: TRUE
A6: 192820 | B6: 코스맥스 | C6: KOSPI | D6: 상장시장 지수 (KOSPI/KOSDAQ) | E6: daily_1y | F6: D | G6: 250 | H6: 250 | I6: 0.17707335 | J6: 0.064273571 | K6: 2.7549948 | L6: 0.029695984 | M6: 0.050481693 | N6: 0.30366501 | O6: 0.026540945 | P6: TRUE
A7: 192820 | B7: 코스맥스 | C7: KOSPI | D7: 상장시장 지수 (KOSPI/KOSDAQ) | E7: weekly_2y | F7: W | G7: 104 | H7: 104 | I7: 0.2051853 | J7: 0.17652891 | K7: 1.1623325 | L7: 0.01307212 | M7: -0.14495897 | N7: 0.55532956 | O7: -0.087591461 | P7: TRUE
A8: 192820 | B8: 코스맥스 | C8: KOSPI | D8: 상장시장 지수 (KOSPI/KOSDAQ) | E8: weekly_3y | F8: W | G8: 156 | H8: 156 | I8: 0.19814171 | J8: 0.15541134 | K8: 1.2749502 | L8: 0.010444933 | M8: -0.10887153 | N8: 0.50515496 | O8: -0.047846806 | P8: TRUE
A9: 192820 | B9: 코스맥스 | C9: KOSPI | D9: 상장시장 지수 (KOSPI/KOSDAQ) | E9: monthly_5y | F9: M | G9: 60 | H9: 60 | I9: 0.19215817 | J9: 0.24315384 | K9: 0.79027405 | L9: 0.010653101 | M9: -0.29456712 | N9: 0.67888345 | O9: -0.2153257 | P9: TRUE
A10: 192820 | B10: 코스맥스 | C10: KOSPI | D10: KOSPI 반도체 제외 | E10: daily_1y | F10: D | G10: 250 | H10: 250 | I10: 0.4313725 | J10: 0.086613547 | K10: 4.9804276 | L10: 0.090924616 | M10: 0.26078056 | N10: 0.60196443 | O10: 0.17074816 | P10: TRUE
A11: 192820 | B11: 코스맥스 | C11: KOSPI | D11: KOSPI 반도체 제외 | E11: weekly_2y | F11: W | G11: 104 | H11: 104 | I11: 0.57546663 | J11: 0.21073237 | K11: 2.7307938 | L11: 0.068129208 | M11: 0.15747999 | N11: 0.99345328 | O11: 0.479018 | P11: TRUE
A12: 192820 | B12: 코스맥스 | C12: KOSPI | D12: KOSPI 반도체 제외 | E12: weekly_3y | F12: W | G12: 156 | H12: 156 | I12: 0.43878531 | J12: 0.18312212 | K12: 2.396135 | L12: 0.03594222 | M12: 0.077029755 | N12: 0.80054086 | O12: 0.25663063 | P12: TRUE
A13: 192820 | B13: 코스맥스 | C13: KOSPI | D13: KOSPI 반도체 제외 | E13: monthly_5y | F13: M | G13: 60 | H13: 60 | I13: 0.6248647 | J13: 0.29502772 | K13: 2.1179864 | L13: 0.071790099 | M13: 0.034302564 | N13: 1.2154268 | O13: 0.71412966 | P13: TRUE
... A97: 003350 | B97: 한국화장품제조 | C97: KOSPI | D97: KOSDAQ | E97: monthly_5y | F97: M | G97: 60 | H97: 60 | I97: 0.68757896 | J97: 0.31756218 | K97: 2.165179 | L97: 0.074783053 | M97: 0.05190919 | N97: 1.3232487 | O97: -0.11952696 | P97: TRUE

Sheet 범위
A1: 시장지수 · 측정조건별 재레버 베타 (목표 D/E 는 모든 조합에서 동일)
A3: 시장지수 | B3: 측정조건 | C3: 원시 β 중앙값 | D3: R² 중앙값 | E3: β>0 유의 (95%) | F3: Peer 수 | G3: βu 중앙값 | H3: 재레버 β
A4: KOSPI (기본) | B4: daily_1y | C4: 0.23967683 | D4: 0.062507292 | E4: 5 | F4: 6 | G4: 0.41969866 | H4: 0.4708729
A5: KOSPI (기본) | B5: weekly_2y | C5: 0.26981033 | D5: 0.025408964 | E5: 3 | F5: 6 | G5: 0.40999701 | H5: 0.45998831
A6: KOSPI (기본) | B6: weekly_3y | C6: 0.20724917 | D6: 0.011990791 | E6: 0 | F6: 6 | G6: 0.37286541 | H6: 0.41832923
A7: KOSPI (기본) | B7: monthly_5y | C7: 0.16168842 | D7: 0.0052839525 | E7: 0 | F7: 6 | G7: 0.38447837 | H7: 0.43135817
A8: 상장시장 지수 (KOSPI/KOSDAQ) | B8: daily_1y | C8: 0.36830748 | D8: 0.079557941 | E8: 6 | F8: 6 | G8: 0.51415664 | H8: 0.57684823
A9: 상장시장 지수 (KOSPI/KOSDAQ) | B9: weekly_2y | C9: 0.62299222 | D9: 0.096064323 | E9: 5 | F9: 6 | G9: 0.67928399 | H9: 0.7621097
A10: 상장시장 지수 (KOSPI/KOSDAQ) | B10: weekly_3y | C10: 0.48811697 | D10: 0.050967517 | E10: 3 | F10: 6 | G10: 0.59621233 | H10: 0.66890904
A11: 상장시장 지수 (KOSPI/KOSDAQ) | B11: monthly_5y | C11: 0.41591957 | D11: 0.045670484 | E11: 1 | F11: 6 | G11: 0.52615705 | H11: 0.59031186
A12: KOSPI 반도체 제외 | B12: daily_1y | C12: 0.49624941 | D12: 0.13343572 | E12: 6 | F12: 6 | G12: 0.56566326 | H12: 0.63463509
A13: KOSPI 반도체 제외 | B13: weekly_2y | C13: 0.63462084 | D13: 0.066863741 | E13: 6 | F13: 6 | G13: 0.67039145 | H13: 0.75213289
A14: KOSPI 반도체 제외 | B14: weekly_3y | C14: 0.45841519 | D14: 0.032397312 | E14: 4 | F14: 6 | G14: 0.54518962 | H14: 0.61166509
A15: KOSPI 반도체 제외 | B15: monthly_5y | C15: 0.53221408 | D15: 0.034235526 | E15: 2 | F15: 6 | G15: 0.58040831 | H15: 0.65117802
... A19: KOSDAQ | B19: monthly_5y | C19: 0.63782591 | D19: 0.070617802 | E19: 4 | F19: 6 | G19: 0.66653281 | H19: 0.74780376

Sheet 이동베타
A1: 52주 이동 베타 (vs KOSPI 반도체 제외)
A3: 주 | B3: 코스맥스 | C3: 한국콜마 | D3: 코스메카코리아 | E3: 씨앤씨인터내셔널 | F3: 잉글우드랩 | G3: 한국화장품제조 | H3: Peer 중앙값 | I3: Peer 중앙값 (KOSPI (기본))
A4: 45198 | B4: 0.23045074 | C4: 0.74436914 | D4: 0.45347183 | E4: -0.48186522 | F4: -0.22802712 | G4: 0.56605018 | H4: 0.34196128 | I4: 0.23689755
A5: 45205 | B5: 0.35903924 | C5: 0.83600725 | D5: 0.61112779 | E5: -0.39246061 | F5: -0.19135231 | G5: 0.61827807 | H5: 0.48508352 | I5: 0.33873035
A6: 45212 | B6: 0.25435518 | C6: 0.76853104 | D6: 0.69686965 | E6: -0.45052436 | F6: -0.18323657 | G6: 0.54911561 | H6: 0.4017354 | I6: 0.26158476
A7: 45219 | B7: 0.1371747 | C7: 0.61339798 | D7: 0.63509639 | E7: -0.60525958 | F7: -0.043387743 | G7: 0.64620281 | H7: 0.37528634 | I7: 0.27035405
A8: 45226 | B8: 0.1440302 | C8: 0.57996862 | D8: 0.7351232 | E8: -0.45496533 | F8: 0.053441299 | G8: 0.69153941 | H8: 0.36199941 | I8: 0.29545986
A9: 45233 | B9: -0.013806984 | C9: 0.4895183 | D9: 0.69991986 | E9: -0.69905128 | F9: -0.048968657 | G9: 0.69865525 | H9: 0.23785566 | I9: 0.18569349
A10: 45240 | B10: -0.14167354 | C10: 0.27785722 | D10: 0.15804042 | E10: -0.54219785 | F10: -0.034572146 | G10: 0.658628 | H10: 0.061734136 | I10: 0.074672619
A11: 45247 | B11: -0.26709427 | C11: 0.15162088 | D11: 0.047308279 | E11: -0.43230094 | F11: -0.10956207 | G11: 0.63335844 | H11: -0.031126893 | I11: -0.025257572
A12: 45254 | B12: -0.29093598 | C12: 0.20597334 | D12: 0.026692766 | E12: -0.33896758 | F12: -0.21078511 | G12: 0.60265198 | H12: -0.092046172 | I12: -0.041629237
A13: 45261 | B13: -0.30246229 | C13: 0.19425066 | D13: 0.016227322 | E13: -0.35615593 | F13: -0.21460962 | G13: 0.58159234 | H13: -0.099191149 | I13: -0.040493991
A14: 45268 | B14: -0.19616029 | C14: 0.24341767 | D14: 0.11089079 | E14: -0.25557788 | F14: -0.11291488 | G14: 0.6080152 | H14: -0.0010120451 | I14: 0.02235244
A15: 45275 | B15: -0.23319551 | C15: 0.26157723 | D15: 0.071837427 | E15: -0.23825095 | F15: -0.19226778 | G15: 0.58665783 | H15: -0.060215175 | I15: -0.018456552
... A159: 46283 | B159: 0.50254599 | C159: 0.70485218 | D159: 0.33022741 | E159: 0.48051575 | F159: 0.32562145 | G159: 0.80077292 | H159: 0.49153087 | I159: 0.16066754

Sheet 반도체비중
A1: 주 | B1: 삼성전자·우·SK하이닉스 / KOSPI 시가총액
A2: 44274 | B2: 0.30721834
A3: 44281 | B3: 0.30450833
A4: 44288 | B4: 0.30886942
A5: 44295 | B5: 0.30352126
A6: 44302 | B6: 0.29712538
A7: 44309 | B7: 0.29350776
A8: 44316 | B8: 0.29137126
A9: 44323 | B9: 0.2888998
A10: 44330 | B10: 0.28293573
A11: 44337 | B11: 0.28366411
A12: 44344 | B12: 0.28197325
A13: 44351 | B13: 0.28471071
... A289: 46283 | B289: 0.53281364

Sheet 데이터대조
A1: code | B1: name | C1: fdr_days_a | D1: fdr_days_b | E1: fdr_only_a | F1: fdr_only_b | G1: fdr_max_gap | H1: fdr_bad_days | I1: fdr_first_bad | J1: gov_days_a | K1: gov_days_b | L1: gov_only_a | M1: gov_only_b | N1: gov_max_gap | O1: gov_bad_days | P1: gov_first_bad
A2: 192820 | B2: 코스맥스 | C2: 1351 | D2: 1351 | E2: 0 | F2: 0 | G2: 0 | H2: 0 | J2: 1351 | K2: 1351 | L2: 0 | M2: 0 | N2: 0.019766816 | O2: 40 | P2: 2021-03-18
A3: 161890 | B3: 한국콜마 | C3: 1351 | D3: 1351 | E3: 0 | F3: 0 | G3: 0 | H3: 0 | J3: 1351 | K3: 1351 | L3: 0 | M3: 0 | N3: 0.0040705563 | O3: 0
A4: 241710 | B4: 코스메카코리아 | C4: 1351 | D4: 1351 | E4: 0 | F4: 0 | G4: 0 | H4: 0 | J4: 1351 | K4: 1351 | L4: 0 | M4: 0 | N4: 0.013761468 | O4: 3 | P4: 2026-09-14
A5: 352480 | B5: 씨앤씨인터내셔널 | C5: 1310 | D5: 1310 | E5: 0 | F5: 0 | G5: 0 | H5: 0 | J5: 1310 | K5: 1310 | L5: 0 | M5: 0 | N5: 0.3325848 | O5: 79 | P5: 2021-05-17
A6: 950140 | B6: 잉글우드랩 | C6: 1351 | D6: 1351 | E6: 0 | F6: 0 | G6: 0 | H6: 0 | J6: 1351 | K6: 1351 | L6: 0 | M6: 0 | N6: 0.012019231 | O6: 1 | P6: 2026-09-18
A7: 003350 | B7: 한국화장품제조 | C7: 1351 | D7: 1351 | E7: 0 | F7: 0 | G7: 0 | H7: 0 | J7: 1351 | K7: 1351 | L7: 0 | M7: 0 | N7: 0.8 | O7: 1251 | P7: 2021-03-18
A8: KOSPI | B8: KOSPI 지수 (공식 vs FDR) | J8: 1351 | K8: 1350 | L8: 1 | M8: 0 | N8: 0.0013280114 | O8: 1 | P8: 2026-09-17
A9: KOSDAQ | B9: KOSDAQ 지수 (공식 vs FDR) | J9: 1351 | K9: 1350 | L9: 1 | M9: 0 | N9: 0.00062068714 | O9: 1 | P9: 2026-09-17

Sheet 부채매핑
A1: code | B1: name | C1: currency | D1: line | E1: account_id | F1: account_nm | G1: 금액(억원)
A2: 192820 | B2: 코스맥스 | C2: KRW | D2: cash | E2: ifrs-full_CashAndCashEquivalents | F2: 현금및현금성자산 | G2: 3367.2618
A3: 192820 | B3: 코스맥스 | C3: KRW | D3: financial_aggregate | E3: ifrs-full_CurrentFinancialLiabilities | F3: 단기금융부채 | G3: 9010.0152
A4: 192820 | B4: 코스맥스 | C4: KRW | D4: financial_aggregate | E4: ifrs-full_NoncurrentFinancialLiabilities | F4: 장기금융부채 | G4: 3713.3963
A5: 161890 | B5: 한국콜마 | C5: KRW | D5: borrowings | E5: ifrs-full_CurrentBondsIssuedAndCurrentPortionOfNoncurrentBondsIssued | F5: 유동사채 | G5: 1468.8432
A6: 161890 | B6: 한국콜마 | C6: KRW | D6: borrowings | E6: ifrs-full_CurrentLoansReceivedAndCurrentPortionOfNoncurrentLoansReceived | F6: 단기차입금 | G6: 6647.8106
A7: 161890 | B7: 한국콜마 | C7: KRW | D7: borrowings | E7: ifrs-full_NoncurrentPortionOfNoncurrentBondsIssued | F7: 비유동사채 | G7: 2086.3988
A8: 161890 | B8: 한국콜마 | C8: KRW | D8: borrowings | E8: ifrs-full_NoncurrentPortionOfNoncurrentLoansReceived | F8: 장기차입금 | G8: 1610.3727
A9: 161890 | B9: 한국콜마 | C9: KRW | D9: lease | E9: ifrs-full_CurrentLeaseLiabilities | F9: 유동리스부채 | G9: 147.71505
A10: 161890 | B10: 한국콜마 | C10: KRW | D10: lease | E10: ifrs-full_NoncurrentLeaseLiabilities | F10: 비유동리스부채 | G10: 413.08772
A11: 161890 | B11: 한국콜마 | C11: KRW | D11: cash | E11: ifrs-full_CashAndCashEquivalents | F11: 현금및현금성자산 | G11: 1768.1708
A12: 241710 | B12: 코스메카코리아 | C12: KRW | D12: borrowings | E12: ifrs-full_CurrentPortionOfLongtermBorrowings | F12: 유동성장기부채 | G12: 77.644803
A13: 241710 | B13: 코스메카코리아 | C13: KRW | D13: borrowings | E13: ifrs-full_ShorttermBorrowings | F13: 단기차입금 | G13: 1596.8481
... A32: 003350 | B32: 한국화장품제조 | C32: KRW | D32: cash | E32: ifrs-full_CashAndCashEquivalents | F32: 현금및현금성자산 | G32: 620.19862
